{"cameraMode":{"drawMode":0,"name":"Shaded","section":"Shading Mode"},"sceneLighting":true,"audioPlay":false,"sceneViewState":{"showFog":true,"showMaterialUpdate":true,"showSkybox":true,"showFlares":true,"showImageEffects":true,"showParticleSystems":true},"in2DMode":false,"pivot":{"x":102.77072143554688,"y":0.0,"z":1.5299466848373414},"rotation":{"x":-0.5843329429626465,"y":0.2169322520494461,"z":-0.16587676107883454,"w":-0.7641858458518982},"size":96.66647338867188,"orthographic":false}